,City,Country,Lat,Lng,Humidity,Cloudiness,Max Temp,Wind Speed,Date
castrillon,Castrillon,ES,43.4,-6.79,100,90,288.15,2.1,1571007561
bredasdorp,Bredasdorp,ZA,-34.53,20.04,77,29,289.82,5.1,1571007032
dikson,Dikson,RU,73.51,80.55,99,100,272.68,3.443,1571007053
port alfred,Port Alfred,ZA,-33.59,26.89,88,4,289.82,0.89,1571007057
sinnamary,Sinnamary,GF,5.38,-52.96,82,100,300.67,7.343,1571007561
buala,Buala,SB,-8.15,159.59,67,17,302.14,2.55,1571007562
bluff,Bluff,AU,-23.58,149.07,63,100,296.43,5.199,1571007562
diamantino,Diamantino,BR,-14.4,-56.44,70,52,297.83,2.062,1571007562
albany,Albany,US,42.65,-73.75,50,75,287.15,2.1,1571007562
kaeo,Kaeo,NZ,-35.1,173.78,100,100,287.04,16.286,1571007563
te anau,Te Anau,NZ,-45.41,167.72,89,100,281.05,0.577,1571007563
turukhansk,Turukhansk,RU,65.8,87.96,98,100,274.27,2.332,1571007563
kaitangata,Kaitangata,NZ,-46.28,169.85,87,75,282.68,12.124,1571007563
tautira,Tautira,PF,-17.73,-149.15,61,40,301.15,5.7,1571007564
ilo,Ilo,PE,-17.65,-71.34,87,36,289.65,2.358,1571007564
punta arenas,Punta Arenas,CL,-53.16,-70.91,52,8,280.15,11.3,1571007564
hermanus,Hermanus,ZA,-34.42,19.24,85,0,290.93,3.13,1571007047
norman wells,Norman Wells,CA,65.28,-126.83,83,75,273.15,4.1,1571007394
new norfolk,New Norfolk,AU,-42.78,147.06,50,53,288.15,7.2,1571007027
pombas,Pombas,BR,-15.9,-54.74,82,83,295.67,1.585,1571007565
nuuk,Nuuk,GL,64.17,-51.74,63,0,272.15,7.2,1571007065
yulara,Yulara,AU,-25.24,130.99,23,30,298.15,5.1,1571007347
qaanaaq,Qaanaaq,GL,77.48,-69.36,52,37,262.05,5.461,1571007304
hithadhoo,Hithadhoo,MV,-0.6,73.08,74,100,301.43,3.096,1571007073
catuday,Catuday,PH,16.29,119.81,77,100,300.23,5.024,1571007383
rikitea,Rikitea,PF,-23.12,-134.97,83,100,294.24,5.696,1571007027
klaksvik,Klaksvik,FO,62.23,-6.59,86,0,277.15,1,1571007065
limon,Limon,US,39.26,-103.69,6,1,294.15,6.2,1571007566
yongan,Yongan,CN,39.7,113.69,31,0,271.09,1.224,1571007566
busselton,Busselton,AU,-33.64,115.35,71,75,284.82,4.273,1571007041
bhopal,Bhopal,IN,23.25,77.4,63,0,293.12,0.791,1571007567
saint george,Saint George,GR,39.45,22.34,87,0,289.15,0.349,1571007061
severo-kurilsk,Severo-Kurilsk,RU,50.68,156.12,65,60,275.71,12.122,1571007032
haines junction,Haines Junction,CA,60.75,-137.51,58,0,270.74,0.799,1571007568
east london,East London,ZA,-33.02,27.91,80,25,290.97,6.649,1571007054
college,College,US,64.86,-147.8,79,90,272.15,1.34,1571007568
katsuura,Katsuura,JP,33.93,134.5,72,75,292.59,3.1,1571007060
morant bay,Morant Bay,JM,17.88,-76.41,96,99,294.94,0.836,1571007569
port elizabeth,Port Elizabeth,US,39.31,-74.98,93,90,291.15,2.1,1571007330
kodiak,Kodiak,US,39.95,-94.76,31,1,291.15,2.6,1571007295
yellowknife,Yellowknife,CA,62.45,-114.38,64,75,274.15,4.1,1571007044
ushuaia,Ushuaia,AR,-54.81,-68.31,56,40,278.15,11.8,1571007028
castro,Castro,CL,-42.48,-73.76,54,0,286.15,4.1,1571007045
whitehorse,Whitehorse,CA,60.72,-135.06,58,90,273.15,0.766,1571007364
bada,Bada,NG,7.45,3.75,95,27,296.09,1.236,1571007570
litovko,Litovko,RU,49.24,135.18,35,0,274.38,6.046,1571007570
carnarvon,Carnarvon,ZA,-30.97,22.13,37,0,287.19,4.432,1571007069
cape town,Cape Town,ZA,-33.93,18.42,77,0,291.48,2.1,1571007570
constitucion,Constitucion,MX,23.99,-104.67,38,75,297.15,2.936,1571007372
esperance,Esperance,AU,-33.86,121.89,100,56,282.15,2.894,1571007068
coquimbo,Coquimbo,CL,-29.95,-71.34,76,75,292.59,4.6,1571007038
airai,Airai,TL,-8.93,125.41,13,30,300.66,3.193,1571007036
tiksi,Tiksi,RU,71.64,128.87,90,89,264.48,2.421,1571007033
mahebourg,Mahebourg,MU,-20.41,57.7,88,40,295.15,2.6,1571007076
tuktoyaktuk,Tuktoyaktuk,CA,69.44,-133.03,68,75,272.15,5.1,1571007065
atasu,Atasu,KZ,48.68,71.64,52,100,283.62,3.39,1571007046
caconda,Caconda,AO,-13.73,15.06,93,100,289.9,3.018,1571007572
tadine,Tadine,NC,-21.55,167.88,66,1,297.12,6.643,1571007572
puerto ayora,Puerto Ayora,EC,-0.74,-90.35,51,20,300.15,5.7,1571007033
lorengau,Lorengau,PG,-2.02,147.27,69,99,301.85,2.958,1571007048
la ronge,La Ronge,CA,55.1,-105.3,52,40,280.15,1,1571007294
mataura,Mataura,NZ,-46.19,168.86,78,87,287.59,1.34,1571007040
nangomba,Nangomba,TZ,-10.9,38.52,71,0,296.87,1.786,1571007573
ahuimanu,Ahuimanu,US,21.44,-157.84,66,40,304.15,6.2,1571007573
kez,Kez,RU,57.9,53.72,91,100,279.35,4.276,1571007573
imbituba,Imbituba,BR,-28.24,-48.67,88,75,296.15,1.5,1571007574
noumea,Noumea,NC,-22.28,166.46,47,20,299.26,3.6,1571007574
vestmanna,Vestmanna,FO,62.16,-7.17,86,41,277.15,1,1571007574
nombre de dios,Nombre De Dios,MX,23.85,-104.24,38,75,297.15,3.909,1571007574
mar del plata,Mar Del Plata,AR,-46.43,-67.52,46,0,281.84,3.161,1571007058
saint-joseph,Saint-Joseph,FR,43.56,6.97,77,20,293.15,1,1571007575
longyearbyen,Longyearbyen,NO,78.22,15.63,73,13,266.15,1,1571007060
herat,Herat,AF,34.35,62.22,41,0,288.15,9.3,1571007577
port blair,Port Blair,IN,11.67,92.75,94,40,299.15,1,1571007339
barrow,Barrow,AR,-38.31,-60.23,72,46,278.05,3.717,1571007056
byron bay,Byron Bay,AU,-28.65,153.62,53,44,295.93,2.1,1571007346
tasiilaq,Tasiilaq,GL,65.61,-37.64,95,100,273.15,1.5,1571007065
zyryanka,Zyryanka,RU,65.73,150.89,93,100,267.34,13.266,1571007578
butaritari,Butaritari,KI,3.07,172.79,68,13,302.56,2.668,1571007036
saint-georges,Saint-Georges,CA,46.12,-70.67,67,17,281.48,1.289,1571007579
wajid,Wajid,SO,3.81,43.25,85,85,296.51,4.963,1571007580
flinders,Flinders,AU,-34.58,150.85,72,15,292.59,3.6,1571007580
otjimbingwe,Otjimbingwe,NA,-22.35,16.13,30,58,292.46,1.035,1571007580
kapaa,Kapaa,US,22.08,-159.32,74,75,302.15,4.6,1571007030
magadan,Magadan,RU,59.56,150.8,52,100,269.71,5.074,1571007581
arman,Arman,RU,59.7,150.17,53,99,269.07,4.558,1571007581
visby,Visby,SE,57.64,18.3,100,100,284.26,3.6,1571007581
hasaki,Hasaki,JP,35.73,140.83,77,75,292.15,4.6,1571007335
qaqortoq,Qaqortoq,GL,60.72,-46.03,74,0,275.54,3.989,1571007023
sechura,Sechura,PE,-5.56,-80.82,89,69,289.6,8.463,1571007317
orasac,Orasac,RS,43.06,22.07,82,0,288.15,0.5,1571007583
halifax,Halifax,CA,44.65,-63.58,93,90,284.26,3.6,1571007583
charters towers,Charters Towers,AU,-20.07,146.27,37,4,302.39,5.275,1571007360
bell ville,Bell Ville,AR,-32.63,-62.69,56,33,292.04,7.15,1571007583
georgetown,Georgetown,GY,6.8,-58.16,77,95,300.31,4.792,1571007028
nador,Nador,MA,35.17,-2.93,88,40,295.15,1.5,1571007584
jamestown,Jamestown,AU,-33.21,138.6,72,93,286.62,4.154,1571007031
sassandra,Sassandra,CI,4.95,-6.09,95,93,296.92,1.236,1571007584
cherskiy,Cherskiy,RU,68.75,161.3,79,100,271.05,1.277,1571007293
atuona,Atuona,PF,-9.8,-139.03,69,62,299.55,6.641,1571007030
ajdabiya,Ajdabiya,LY,30.75,20.22,42,71,297.92,4.714,1571007032
boa vista,Boa Vista,BR,2.82,-60.67,49,40,305.15,3.6,1571007585
deputatskiy,Deputatskiy,RU,69.3,139.9,85,52,258.26,2.086,1571007585
husavik,Husavik,CA,50.56,-96.99,91,91,276.48,2.68,1571007337
avarua,Avarua,CK,-21.21,-159.78,65,21,298.15,6.2,1571007034
makokou,Makokou,GA,0.56,12.85,99,100,293.86,1.22,1571007586
dakar,Dakar,SN,14.69,-17.45,83,40,300.15,2.1,1571007140
hofn,Hofn,IS,64.25,-15.21,67,99,279.38,1.462,1571007360
ust-tsilma,Ust-Tsilma,RU,65.44,52.15,95,100,277.12,3.223,1571007586
havoysund,Havoysund,NO,71,24.66,69,75,273.15,7.2,1571007587
lebu,Lebu,ET,8.96,38.73,76,20,286.15,1,1571007053
saint-philippe,Saint-Philippe,CA,45.36,-73.48,76,1,287.15,2.994,1571007074
manaus,Manaus,BR,-3.13,-59.98,74,75,303.15,2.1,1571007587
dali,Dali,CN,34.79,109.94,67,91,290.11,3.775,1571007386
amahai,Amahai,ID,-3.31,129,91,100,302.59,2.027,1571007588
jiuquan,Jiuquan,CN,39.73,98.49,41,97,274.45,0.973,1571007588
yerbogachen,Yerbogachen,RU,61.28,108.01,78,96,270.79,4.248,1571007412
marzuq,Marzuq,YE,14.4,46.47,41,0,294.29,1.035,1571007588
puerto escondido,Puerto Escondido,MX,15.86,-97.07,70,75,303.15,0.49,1571007371
san cristobal,San Cristobal,HN,14.68,-86.92,95,98,292.66,1.285,1571007368
bucerias,Bucerias,MX,20.76,-105.33,62,40,305.15,4.1,1571007589
sibut,Sibut,CF,5.73,19.09,93,3,294.23,0.393,1571007589
ilulissat,Ilulissat,GL,69.22,-51.1,53,0,267.15,4.6,1571007038
aklavik,Aklavik,CA,68.22,-135.01,86,90,272.15,3.1,1571007302
kiruna,Kiruna,SE,67.86,20.23,92,63,268.15,2.1,1571007590
bambanglipuro,Bambanglipuro,ID,-7.95,110.28,78,68,297.85,3.377,1571007590
vostok,Vostok,RU,46.45,135.83,33,50,273.9,3.384,1571007333
villa carlos paz,Villa Carlos Paz,AR,-31.42,-64.5,68,75,294.26,3.1,1571007590
rock springs,Rock Springs,US,41.59,-109.2,9,1,288.15,3.6,1571007591
kahului,Kahului,US,20.89,-156.47,74,75,304.15,12.343,1571007067
geraldton,Geraldton,CA,49.72,-86.95,74,90,276.15,2.1,1571007035
umea,Umea,SE,63.83,20.26,100,0,268.15,1,1571007591
lavrentiya,Lavrentiya,RU,65.58,-170.99,79,100,274.67,5.851,1571007075
angoche,Angoche,MZ,-16.23,39.91,88,2,295.53,1.252,1571007356
kamenka,Kamenka,MD,48.03,28.7,87,83,277.59,0.896,1571007592
hamilton,Hamilton,CA,43.26,-79.87,47,20,290.15,8.2,1571007044
guerrero negro,Guerrero Negro,MX,27.97,-114.04,57,0,295.82,6.881,1571007404
zhezkazgan,Zhezkazgan,KZ,47.8,67.71,59,100,282.16,2.222,1571007592
ponta do sol,Ponta Do Sol,BR,-20.63,-46,46,75,296.09,1.363,1571007023
portland,Portland,US,43.66,-70.25,71,40,287.15,4.151,1571007390
gushikawa,Gushikawa,JP,26.35,127.87,83,75,299.15,3.6,1571007593
piltene,Piltene,LV,57.23,21.67,100,89,281.15,1.5,1571007593
payakumbuh,Payakumbuh,ID,-0.23,100.63,93,100,293.99,0.551,1571007594
qostanay,Qostanay,KZ,53.17,63.58,88,100,280.98,8.264,1571007594
hilo,Hilo,US,19.71,-155.08,58,40,303.15,4.1,1571007070
bathsheba,Bathsheba,BB,13.22,-59.52,78,20,301.15,6.7,1571007051
bekhtery,Bekhtery,UA,46.25,32.3,83,28,290.14,3.769,1571007595
arraial do cabo,Arraial Do Cabo,BR,-22.97,-42.02,78,0,297.15,6.2,1571007067
nipawin,Nipawin,CA,53.36,-104.02,48,1,280.15,1.5,1571007595
tokur,Tokur,RU,53.13,132.9,77,100,265.57,3.909,1571007596
alice springs,Alice Springs,AU,-23.7,133.88,10,20,302.15,5.7,1571007056
palompon,Palompon,PH,11.05,124.38,68,27,300.99,0.739,1571007596
isangel,Isangel,VU,-19.55,169.27,83,75,299.15,5.1,1571007080
faya,Faya,SA,18.39,42.45,67,43,292.15,2.508,1571007328
allapalli,Allapalli,IN,19.43,80.06,95,100,294.89,1.188,1571007597
papara,Papara,BR,-3.98,-38.73,69,75,303.15,5.1,1571007597
clyde river,Clyde River,CA,70.47,-68.59,63,20,270.15,3.1,1571007054
iqaluit,Iqaluit,CA,63.75,-68.52,79,20,270.15,5.1,1571007057
naryan-mar,Naryan-Mar,RU,67.67,53.09,95,100,275.6,4.386,1571007598
maldonado,Maldonado,UY,-34.91,-54.96,71,75,284.15,6.7,1571007598
thompson,Thompson,CA,55.74,-97.86,93,90,275.15,2.6,1571007051
upernavik,Upernavik,GL,72.79,-56.15,46,0,265.39,3.368,1571007052
bud,Bud,NO,62.91,6.91,74,0,276.15,3.6,1571007308
llanelli,Llanelli,GB,51.68,-4.16,76,67,287.15,5.7,1571007598
dod ballapur,Dod Ballapur,IN,13.29,77.54,100,40,295.15,1.5,1571007599
lompoc,Lompoc,US,34.64,-120.46,77,1,295.93,4.1,1571007073
petropavlivka,Petropavlivka,UA,48.46,36.42,85,0,285.23,2.829,1571007599
port hedland,Port Hedland,AU,-20.31,118.58,82,69,293.15,1.5,1571007055
grindavik,Grindavik,IS,63.84,-22.43,87,75,279.15,5.1,1571007043
cayenne,Cayenne,GF,4.94,-52.33,83,20,300.15,2.1,1571007398
hovd,Hovd,NO,63.83,10.7,94,10,278.71,4.1,1571007600
veraval,Veraval,FR,49.65,0.71,100,88,287.15,1,1571007600
ancud,Ancud,CL,-41.87,-73.83,54,0,286.15,4.1,1571007029
waingapu,Waingapu,ID,-9.65,120.26,73,77,299.39,3.324,1571007292
farafangana,Farafangana,MG,-22.82,47.83,80,26,297.45,7.432,1571007601
chuy,Chuy,UY,-33.69,-53.46,72,89,285.42,6.355,1571007044
usinsk,Usinsk,RU,66,57.56,94,100,275.61,3.062,1571007373
san patricio,San Patricio,PY,-26.98,-56.83,90,61,297.08,5.82,1571007030
chuka,Chuka,KE,-0.33,37.65,89,96,290.06,1.247,1571007602
hobart,Hobart,AU,-42.88,147.33,50,48,288.15,7.2,1571007031
chapais,Chapais,CA,49.78,-74.86,61,20,281.15,3.1,1571007299
japura,Japura,ID,-0.42,102.29,87,58,297.37,0.644,1571007603
kisangani,Kisangani,CD,0.52,25.21,98,95,293.81,0.6,1571007603
arlit,Arlit,NE,18.74,7.39,17,0,303.58,6.312,1571007308
quelimane,Quelimane,MZ,-17.88,36.89,83,0,297.15,1,1571007365
sayat,Sayat,TM,38.78,63.88,58,75,288.15,8.2,1571007603
cururupu,Cururupu,BR,-1.82,-44.87,85,49,296.99,1.765,1571007604
cabo san lucas,Cabo San Lucas,MX,22.89,-109.91,83,90,301.48,7.2,1571007043
najran,Najran,SA,17.54,44.22,27,20,297.15,1.911,1571007074
nortelandia,Nortelandia,BR,-14.45,-56.8,64,72,298.99,2.157,1571007608
lagos,Lagos,NG,6.46,3.39,94,20,298.15,1,1571007609
san pedro,San Pedro,AR,-33.68,-59.66,64,83,289.26,3.13,1571007610
abu samrah,Abu Samrah,SY,35.3,37.18,33,0,292.06,1.804,1571007613
mount gambier,Mount Gambier,AU,-37.83,140.78,93,90,286.15,4.1,1571007081
maningrida,Maningrida,AU,-12.05,134.23,39,52,303.38,3.37,1571007614
partsa,Partsa,RU,54.37,42.86,93,28,280.12,4.158,1571007614
lazaro cardenas,Lazaro Cardenas,MX,28.39,-105.62,88,90,290.15,1.342,1571007359
sovetskoye,Sovetskoye,RU,51.44,46.74,87,100,285.37,1.34,1571007614
akureyri,Akureyri,IS,65.68,-18.09,92,100,269.15,3.1,1571007615
honiara,Honiara,SB,-9.43,159.96,66,20,303.15,2.1,1571007616
nanakuli,Nanakuli,US,21.39,-158.15,74,40,304.15,3.6,1571007616
acari,Acari,BR,-6.44,-36.64,81,0,294.45,9.682,1571007617
chokurdakh,Chokurdakh,RU,70.62,147.9,94,100,263.75,5.289,1571007058
palmital,Palmital,BR,-22.79,-50.22,62,38,297.52,1.498,1571007617
lazarev,Lazarev,RU,52.23,141.51,51,33,274.02,8.524,1571007617
vila velha,Vila Velha,BR,-3.71,-38.6,69,75,303.15,5.1,1571007320
alofi,Alofi,NU,-19.06,-169.92,61,59,300.15,7.7,1571007414
vao,Vao,EE,59.1,26.19,96,64,277.38,1.105,1571007391
eyl,Eyl,SO,7.98,49.82,83,1,299.87,2.547,1571007618
karema,Karema,TZ,-6.82,30.44,68,83,299.29,1.986,1571007619
lata,Lata,IN,30.78,78.62,42,39,270.18,1.168,1571007067
hrodna,Hrodna,BY,53.68,23.83,87,32,286.09,3.578,1571007619
kununurra,Kununurra,AU,-15.77,128.74,78,23,299.15,0.5,1571007381
luderitz,Luderitz,NA,-26.65,15.16,77,0,288.15,2.6,1571007371
nanortalik,Nanortalik,GL,60.14,-45.24,71,72,275.66,4.078,1571007034
ketchikan,Ketchikan,US,55.34,-131.65,70,1,282.15,6.2,1571007430
ojinaga,Ojinaga,US,29.56,-104.41,93,90,289.26,1.373,1571007399
vaini,Vaini,IN,15.34,74.49,95,100,293.81,1.184,1571007028
mbuji-mayi,Mbuji-Mayi,CD,-6.13,23.6,88,94,294.67,0.81,1571007620
atar,Atar,MR,20.52,-13.05,39,92,302.82,3.856,1571007621
cidreira,Cidreira,BR,-30.17,-50.22,94,67,293.38,6.373,1571007059
blackwater,Blackwater,GB,51.33,-0.78,93,97,285.15,2.6,1571007621
souillac,Souillac,FR,45.6,-0.6,88,0,293.71,1.5,1571007038
yar-sale,Yar-Sale,RU,66.83,70.83,93,100,274.6,3.946,1571007362
ixtapa,Ixtapa,MX,20.71,-105.21,62,40,305.15,4.1,1571007388
keshorai patan,Keshorai Patan,IN,25.3,75.93,62,0,295.71,2.596,1571007622
henderson,Henderson,US,36.04,-114.98,7,1,299.26,2.6,1571007622
tromso,Tromso,NO,69.65,18.96,92,75,270.37,3.1,1571007380
namibe,Namibe,AO,-15.19,12.15,90,98,294.33,3.323,1571007080
adrar,Adrar,DZ,27.87,-0.29,34,4,300.15,3.6,1571007083
kruisfontein,Kruisfontein,ZA,-34,24.73,94,23,285.99,4.009,1571007396
tuy hoa,Tuy Hoa,VN,13.08,109.3,80,100,299.69,8.364,1571007623
dudinka,Dudinka,RU,69.41,86.18,98,100,273.79,3.417,1571007335
evensk,Evensk,RU,61.92,159.24,76,62,268.3,2.702,1571007396
ahipara,Ahipara,NZ,-35.17,173.16,100,100,287.04,14.106,1571007316
nikolskoye,Nikolskoye,RU,59.7,30.79,75,75,280.15,7,1571007042
san rafael,San Rafael,AR,-34.61,-68.33,29,77,286.11,5.662,1571007624
ballina,Ballina,IE,54.11,-9.15,93,40,280.93,1.5,1571007624
copiapo,Copiapo,CL,-27.37,-70.33,59,100,289.15,4.6,1571007624
northam,Northam,AU,-31.65,116.67,93,75,287.15,3.227,1571007363
primorsk,Primorsk,RU,60.37,28.62,71,58,275.93,1.79,1571007625
campo sesenta,Campo Sesenta,MX,27.45,-110.1,88,90,298.15,2.6,1571007625
chara,Chara,GR,39.42,22.43,93,0,289.15,0.349,1571007625
edd,Edd,ER,13.93,41.69,32,87,304.29,2.669,1571007626
bagdarin,Bagdarin,RU,54.44,113.59,63,13,265.81,1.886,1571007391
morro bay,Morro Bay,US,35.37,-120.85,77,1,300.37,4.1,1571007626
fortuna,Fortuna,US,40.6,-124.16,71,1,292.04,6.2,1571007076
azul,Azul,AR,-36.78,-59.86,48,0,278.6,3.702,1571007627
gazli,Gazli,UZ,40.13,63.45,78,67,283.6,3.962,1571007627
general roca,General Roca,AR,-39.03,-67.58,14,38,289.15,5.1,1571007627
avera,Avera,US,33.19,-82.53,61,90,302.15,2.6,1571007417
nagydorog,Nagydorog,HU,46.62,18.66,65,63,288.08,1.269,1571007627
saskylakh,Saskylakh,RU,71.97,114.09,96,94,265.92,1.215,1571007045
monrovia,Monrovia,LR,6.33,-10.8,94,75,298.15,2.471,1571007316
sun city west,Sun City West,US,33.66,-112.34,13,20,307.04,2.6,1571007628
jimma,Jimma,ET,7.67,36.84,95,95,285.42,0.236,1571007629
faanui,Faanui,PF,-16.48,-151.75,72,10,298.27,6.035,1571007029
grand forks,Grand Forks,US,47.91,-97.06,74,75,276.15,4.1,1571007629
compostela,Compostela,MX,21.24,-104.9,62,75,302.15,1.376,1571007629
payo,Payo,ID,-3.75,103.64,62,92,295.14,1.011,1571007630
chilca,Chilca,PE,-13.22,-72.34,76,75,283.15,2.1,1571007631
asadabad,Asadabad,IR,34.78,48.12,61,0,282.15,2.1,1571007631
birao,Birao,CF,10.3,22.78,92,73,295.39,1.401,1571007631
sao joao da barra,Sao Joao Da Barra,BR,-21.64,-41.05,81,0,296.69,11.558,1571007423
calama,Calama,CL,-22.46,-68.93,18,75,290.15,12.3,1571007631
jardim,Jardim,BR,-21.48,-56.15,52,79,299.72,2.509,1571007632
sisimiut,Sisimiut,GL,66.94,-53.67,83,49,268.02,1.859,1571007376
banepa,Banepa,NP,27.63,85.52,93,75,290.15,1.445,1571007632
nouadhibou,Nouadhibou,MR,20.93,-17.03,41,49,299.15,9.8,1571007071
la rioja,La Rioja,AR,-29.41,-66.86,94,100,284.37,2.58,1571007632
codrington,Codrington,AU,-28.95,153.24,68,45,294.26,2.6,1571007633
chicama,Chicama,PE,-7.84,-79.15,82,75,291.15,4.6,1571007633
ibia,Ibia,NG,5.18,6.32,96,7,296.54,1.646,1571007633
colquechaca,Colquechaca,BO,-18.7,-66,55,56,285.58,1.086,1571007633
talnakh,Talnakh,RU,69.49,88.39,96,100,269.59,3.449,1571007633
touros,Touros,BR,-5.2,-35.46,94,75,296.15,2.6,1571007356
miri,Miri,NG,10.31,9.75,77,98,296.94,2.581,1571007634
kavieng,Kavieng,PG,-2.57,150.8,68,87,302.11,2.38,1571007055
nome,Nome,US,30.04,-94.42,51,1,301.15,2.056,1571007371
waitati,Waitati,NZ,-45.75,170.57,77,87,285.37,7.6,1571007634
provideniya,Provideniya,RU,64.42,-173.23,80,90,275.15,6,1571007038
sergeyevka,Sergeyevka,KZ,53.88,67.42,73,47,281.55,6.655,1571007635
dongsheng,Dongsheng,CN,29.72,112.52,68,91,293.59,5.857,1571007635
gat,Gat,SN,14.69,-16.54,83,40,300.15,2.1,1571007336
kutum,Kutum,SD,14.2,24.66,61,94,296.73,1.485,1571007635
pisco,Pisco,PE,-13.71,-76.2,30,20,295.15,5.7,1571007083
gizo,Gizo,IL,31.8,34.94,88,40,298.15,4.1,1571007373
kargasok,Kargasok,RU,59.06,80.87,88,100,279.93,4.027,1571007636
acapulco,Acapulco,MX,16.86,-99.88,74,40,303.15,4.1,1571007636
pevek,Pevek,RU,69.7,170.27,67,78,273.49,8.581,1571007072
nautla,Nautla,MX,20.22,-96.78,92,68,295.31,1.039,1571007637
tigre,Tigre,AR,-34.42,-58.58,72,75,289.26,8.7,1571007637
uvira,Uvira,CD,-3.41,29.14,88,21,284.2,0.565,1571007637
rawson,Rawson,AR,-43.3,-65.11,64,0,280.88,8.477,1571007638
requena,Requena,ES,39.49,-1.1,83,40,295.37,2.251,1571007638
caravelas,Caravelas,BR,-17.73,-39.27,86,5,294.31,2.494,1571007638
sitka,Sitka,US,37.17,-99.65,29,0,295.37,4.02,1571007078
ewa beach,Ewa Beach,US,21.32,-158.01,55,75,304.15,5.7,1571007638
la sarre,La Sarre,CA,48.8,-79.2,93,100,278.79,3.129,1571007639
kalengwa,Kalengwa,ZM,-13.47,25,45,86,296.17,1.78,1571007639
kawagoe,Kawagoe,JP,35.91,139.48,63,90,291.48,3.1,1571007639
los llanos de aridane,Los Llanos De Aridane,ES,28.66,-17.92,94,75,293.15,3.1,1571007054
baglan,Baglan,GB,51.62,-3.81,87,67,287.15,1.5,1571007640
palmer,Palmer,AU,-34.85,139.16,72,40,289.82,4.1,1571007340
yinchuan,Yinchuan,CN,38.48,106.21,37,68,279.82,5.64,1571007640
dubbo,Dubbo,AU,-32.25,148.6,48,17,292.15,5.1,1571007640
patterson,Patterson,US,37.47,-121.13,15,1,300.93,3.1,1571007641
khorramshahr,Khorramshahr,IR,30.43,48.18,74,98,301.15,2.1,1571007641
kachug,Kachug,RU,53.96,105.89,54,70,267.59,0.925,1571007641
kjollefjord,Kjollefjord,NO,70.95,27.35,73,97,273.41,1.643,1571007641
rosa zarate,Rosa Zarate,EC,0.33,-79.47,86,90,295.37,1.491,1571007642
victoria,Victoria,BN,5.28,115.24,94,75,299.15,0.5,1571007087
santa fe,Santa Fe,AR,-31.62,-60.7,82,75,293.15,8.7,1571007642
torbay,Torbay,CA,47.66,-52.73,100,90,288.15,9.3,1571007047
awbari,Awbari,LY,26.59,12.77,49,33,293.13,3.036,1571007642
uribia,Uribia,CO,11.71,-72.27,81,70,299.27,1.359,1571007643
sao filipe,Sao Filipe,CV,14.9,-24.5,73,0,298.95,7.267,1571007301
barao de melgaco,Barao De Melgaco,BR,-16.19,-55.97,54,75,302.15,5.1,1571007643
teguise,Teguise,ES,29.06,-13.56,73,20,294.15,2.1,1571007644
redlands,Redlands,US,34.06,-117.19,13,1,305.15,3.1,1571007370
seymchan,Seymchan,RU,62.93,152.39,91,99,262.7,1.524,1571007369
moree,Moree,AU,-29.46,149.84,63,22,292.59,9.3,1571007644
agadez,Agadez,NE,16.97,7.99,23,1,303.15,3.155,1571007644
murdochville,Murdochville,CA,48.96,-65.49,93,30,278.76,0.572,1571007644
homer,Homer,US,59.64,-151.54,59,1,280.15,1.5,1571007645
kayes,Kayes,ML,14.44,-11.44,72,97,299.76,3.892,1571007646
qujing,Qujing,CN,25.49,103.8,94,67,285.24,1.593,1571007646
saurimo,Saurimo,AO,-9.66,20.4,95,99,292.11,1.619,1571007327
samana,Samana,EC,0.12,-76.97,66,78,302.15,1.5,1571007647
loukhi,Loukhi,RU,66.08,33.04,97,100,276.01,1.563,1571007647
kalevala,Kalevala,FI,64.12,29.58,96,100,273.92,3.594,1571007647
petropavlovsk-kamchatskiy,Petropavlovsk-Kamchatskiy,RU,53.05,158.65,64,0,276.15,3,1571007420
anadyr,Anadyr,RU,64.73,177.51,86,75,276.15,13,1571007333
vila franca do campo,Vila Franca Do Campo,PT,37.72,-25.43,72,40,291.15,2.6,1571007087
debre tabor,Debre Tabor,ET,11.86,38.01,87,98,286.39,1.011,1571007648
beringovskiy,Beringovskiy,RU,63.05,179.32,94,100,277.44,13.174,1571007648
bethel,Bethel,US,60.79,-161.76,55,1,276.15,6.2,1571007077
green river,Green River,US,41.53,-109.47,9,1,288.15,3.6,1571007384
necochea,Necochea,AR,-38.55,-58.74,64,2,282.04,3.58,1571007649
sola,Sola,TZ,-3.17,33.8,64,11,294.2,3.173,1571007314
egvekinot,Egvekinot,RU,66.32,-179.17,97,100,271.15,3.908,1571007072
naron,Naron,ES,43.52,-8.15,93,20,287.04,3.6,1571007650
dondaicha,Dondaicha,IN,21.33,74.56,63,5,297.05,1.45,1571007650
kolyvan,Kolyvan,RU,55.31,82.74,72,99,281.05,3.771,1571007650
campbeltown,Campbeltown,GB,55.43,-5.61,93,40,282.15,1.5,1571007651
narsaq,Narsaq,GL,60.91,-46.05,83,91,270.96,2.339,1571007651
labe,Labe,NG,7.7,8.47,94,46,297.01,1.59,1571007652
maniitsoq,Maniitsoq,GL,65.42,-52.9,60,0,272.07,5.58,1571007652
damara,Damara,CF,4.96,18.7,94,2,299.15,2.1,1571007652
kuopio,Kuopio,FI,62.89,27.68,93,90,275.15,3.1,1571007652
starosubkhangulovo,Starosubkhangulovo,RU,53.1,57.43,94,100,278.85,3.554,1571007653
srednekolymsk,Srednekolymsk,RU,67.46,153.71,96,100,270.4,6.71,1571007351
vardo,Vardo,US,39.62,-77.74,39,90,291.15,1.626,1571007082
aguililla,Aguililla,MX,18.74,-102.79,98,83,293.12,0.844,1571007653
beinamar,Beinamar,TD,8.67,15.38,78,0,295.96,1.611,1571007653
mehamn,Mehamn,NO,71.03,27.85,72,98,273.19,1.911,1571007654
coihaique,Coihaique,CL,-45.58,-72.07,21,0,288.15,1.5,1571007337
macheng,Macheng,CN,31.18,115.03,72,74,292.4,3.302,1571007654
nsanje,Nsanje,MZ,-16.92,35.26,78,18,295.93,2.827,1571007654
hutchinson,Hutchinson,US,38.06,-97.93,24,1,295.93,3.1,1571007654
tooele,Tooele,US,40.53,-112.3,36,1,292.15,2.6,1571007655
barahona,Barahona,DO,18.21,-71.1,79,40,302.15,7.7,1571007655
berlevag,Berlevag,NO,70.86,29.09,59,100,276.18,2.951,1571007432
barkly west,Barkly West,ZA,-28.54,24.52,16,0,292.15,1,1571007655
ust-kuyga,Ust-Kuyga,RU,70,135.55,94,28,259.94,2.322,1571007656
biggar,Biggar,CA,52.06,-107.98,45,100,276.75,2.09,1571007656
beyla,Beyla,GN,8.69,-8.65,98,100,294.26,1.086,1571007656
yorosso,Yorosso,ML,12.35,-4.78,81,98,297.48,2.377,1571007656
saraland,Saraland,US,30.82,-88.07,65,40,300.37,4.1,1571007657
tabuk,Tabuk,PH,17.41,121.44,80,100,298.17,1.725,1571007657
eureka,Eureka,US,40.8,-124.16,71,1,288.71,6.2,1571007358
saldanha,Saldanha,PT,41.42,-6.55,58,68,288.87,4.48,1571007070
barra do garcas,Barra Do Garcas,BR,-15.89,-52.26,61,100,298.42,1.411,1571007657
namatanai,Namatanai,PG,-3.66,152.44,66,100,302.02,0.671,1571007348
havre-saint-pierre,Havre-Saint-Pierre,CA,50.23,-63.6,81,90,281.15,3.6,1571007332
ribeira grande,Ribeira Grande,PT,38.52,-28.7,77,76,289.76,6.924,1571007658
penzance,Penzance,GB,50.12,-5.53,100,100,287.59,4.6,1571007658
carauari,Carauari,BR,-4.88,-66.9,68,82,300.46,0.059,1571007658
kavaratti,Kavaratti,IN,10.57,72.64,73,100,301.47,3.93,1571007395
kloulklubed,Kloulklubed,PW,7.04,134.26,94,75,299.15,2.727,1571007659
figeac,Figeac,FR,44.61,2.03,82,20,290.93,9.3,1571007659
tigil,Tigil,RU,57.8,158.67,87,88,274.2,7.511,1571007659
collie,Collie,AU,-33.36,116.15,71,47,285.37,1.837,1571007659
edissiya,Edissiya,RU,44.04,44.55,56,5,285.34,1.486,1571007660
namie,Namie,JP,37.52,140.86,93,75,290.37,2.277,1571007660
yashkul,Yashkul,RU,46.17,45.34,55,0,286.81,4.075,1571007430
gudur,Gudur,IN,14.15,79.85,79,68,299.35,0.981,1571007660
barpathar,Barpathar,IN,26.3,93.87,95,0,294,0.222,1571007661
mossendjo,Mossendjo,CG,-2.95,12.72,98,100,295.03,1.405,1571007661
leningradskiy,Leningradskiy,RU,69.38,178.42,58,100,271.42,2.627,1571007661
nichinan,Nichinan,JP,31.65,131.31,82,75,291.15,2.6,1571007661
buriti alegre,Buriti Alegre,BR,-18.14,-49.04,47,96,297.91,0.827,1571007662
basco,Basco,US,40.33,-91.2,41,1,289.15,4.6,1571007662
waipawa,Waipawa,NZ,-39.94,176.59,73,100,285.93,3.13,1571007326
lasa,Lasa,CY,34.92,32.53,46,0,297.15,4.6,1571007361
sakmara,Sakmara,RU,51.98,55.33,93,90,284.15,4,1571007662
iseyin,Iseyin,NG,7.97,3.6,96,27,296.31,1.807,1571007663
kochinda,Kochinda,IN,21.73,84.35,91,0,293.12,0.691,1571007663
tornio,Tornio,FI,61.12,27.27,86,75,277.15,1.346,1571007663
margate,Margate,AU,-43.03,147.26,50,48,288.15,7.2,1571007354
komsomolskiy,Komsomolskiy,RU,67.55,63.78,90,100,272.92,3.263,1571007664
madang,Madang,CN,35.32,102.79,74,0,277.06,1.828,1571007664
abonnema,Abonnema,NG,4.71,6.79,88,40,299.15,1.5,1571007665
nelson bay,Nelson Bay,AU,-32.72,152.14,72,16,292.59,3.1,1571007310
lagoa,Lagoa,PT,37.14,-8.45,93,20,293.15,2.6,1571007665
anchorage,Anchorage,US,61.22,-149.89,59,1,278.71,2.6,1571007622
khatanga,Khatanga,RU,71.98,102.47,95,98,268.86,5.229,1571007666
beyneu,Beyneu,KZ,45.32,55.19,69,0,284.54,7.261,1571007666
aliaga,Aliaga,PH,15.5,120.85,78,75,298.15,1,1571007667
antofagasta,Antofagasta,CL,-23.65,-70.4,63,40,292.15,4.1,1571007081
santiago,Santiago,PH,16.69,121.54,91,100,296.12,0.881,1571007262
zhigansk,Zhigansk,RU,66.77,123.37,86,100,266.8,5.119,1571007367
karratha,Karratha,AU,-20.74,116.85,69,90,295.44,5.954,1571007352
bambous virieux,Bambous Virieux,MU,-20.34,57.76,88,40,295.15,2.6,1571007669
obo,Obo,CF,5.39,26.49,97,98,293.37,0.97,1571007670
mweka,Mweka,CD,-4.85,21.56,98,84,293.44,0.511,1571007670
riberalta,Riberalta,BO,-11,-66.08,59,75,305.15,2.1,1571007670
zhangye,Zhangye,CN,38.94,100.46,36,50,279.55,3.955,1571007671
touba,Touba,SN,14.86,-15.88,79,100,297.7,4.512,1571007671
mahanoro,Mahanoro,MG,-19.9,48.8,78,0,297.39,6.043,1571007431
pangnirtung,Pangnirtung,CA,66.15,-65.72,57,23,267.85,0.772,1571007671
ejura,Ejura,GH,7.38,-1.37,93,89,294.54,0.971,1571007672
pacifica,Pacifica,US,37.61,-122.49,82,1,299.82,2.732,1571007322
malaya vishera,Malaya Vishera,RU,58.85,32.22,96,33,278.79,2.476,1571007673
rocha,Rocha,UY,-34.48,-54.34,64,100,281.5,5.275,1571007386
westport,Westport,US,41.14,-73.36,55,1,290.15,3.433,1571007673
dhidhdhoo,Dhidhdhoo,MV,6.88,73.1,75,83,300.97,2.444,1571007673
erenhot,Erenhot,CN,43.65,111.97,28,0,274.17,2.001,1571007674
fomboni,Fomboni,KM,-12.28,43.74,79,0,299.14,4.195,1571007674
mezen,Mezen,RU,65.85,44.24,91,100,277.72,4.669,1571007675
codajas,Codajas,BR,-3.84,-62.06,64,85,300.34,0.77,1571007676
melilla,Melilla,EC,-0.8,-80.23,78,40,297.15,3.1,1571007326
khuzdar,Khuzdar,PK,27.8,66.62,33,0,291.21,1.873,1571007676
acucena,Acucena,BR,-19.07,-42.55,45,45,301.15,2.1,1571007677
port macquarie,Port Macquarie,AU,-31.43,152.91,76,47,293.71,1,1571007296
rudnichnyy,Rudnichnyy,RU,59.7,60.29,96,92,277.71,2.473,1571007677
shelburne,Shelburne,CA,44.08,-80.2,44,75,289.15,7.2,1571007678
bahia blanca,Bahia Blanca,AR,-38.72,-62.27,67,43,279.32,5.095,1571007678
kandalaksha,Kandalaksha,RU,67.15,32.41,87,100,273.71,4.041,1571007386
yenagoa,Yenagoa,NG,4.92,6.26,96,7,296.54,1.646,1571007678
bowen,Bowen,AU,-20.01,148.25,78,38,300.93,2.1,1571007679
cervo,Cervo,BR,-22.19,-46.24,54,8,293.38,1.075,1571007679
baft,Baft,IR,29.23,56.61,40,0,284.84,1.403,1571007679
port moresby,Port Moresby,PG,-9.47,147.16,78,90,300.15,2.6,1571007680
porto novo,Porto Novo,BR,-23.68,-45.44,45,20,301.15,4.1,1571007084
maceio,Maceio,BR,-9.67,-35.74,65,20,299.15,5.1,1571007680
dickinson,Dickinson,US,46.88,-102.79,29,1,282.15,4.6,1571007681
pompeu,Pompeu,BR,-21.05,-48.85,40,90,303.15,2.314,1571007681
kerman,Kerman,IR,30.29,57.06,11,0,286.15,2.1,1571007681
boende,Boende,CD,-0.28,20.88,69,0,294.17,0.389,1571007681
bandarbeyla,Bandarbeyla,SO,9.49,50.81,78,14,300,3.946,1571007305
zeya,Zeya,RU,53.74,127.27,53,54,269.38,4.415,1571007682
stalowa wola,Stalowa Wola,PL,50.57,22.06,76,20,287.59,3.1,1571007682
dzaoudzi,Dzaoudzi,YT,-12.79,45.27,83,2,298.15,2.6,1571007682
ugoofaaru,Ugoofaaru,MV,5.67,73,74,37,301.12,1.987,1571007085
vallenar,Vallenar,CL,-28.58,-70.76,85,100,283.96,0.866,1571007683
san jose,San Jose,HN,14.25,-87.96,99,99,291.63,1.118,1571007350
shache,Shache,CN,38.42,77.24,51,0,283.69,3.613,1571007683
secunda,Secunda,ZA,-26.52,29.2,89,8,287.59,1.79,1571007684
jumla,Jumla,NP,29.28,82.18,87,53,277.49,1.482,1571007425
tsaratanana,Tsaratanana,MG,-16.8,47.65,79,2,291.87,2.943,1571007684
kupang,Kupang,ID,-10.16,123.6,56,20,293.15,2.1,1571007684
itarema,Itarema,BR,-2.92,-39.92,73,92,298.54,5.71,1571007684
fereydun kenar,Fereydun Kenar,IR,36.69,52.52,100,0,286.15,2.1,1571007685
bien hoa,Bien Hoa,VN,10.95,106.82,100,20,297.15,2.1,1571007685
riviere-au-renard,Riviere-Au-Renard,CA,49,-64.4,87,20,283.15,3.1,1571007685
galdar,Galdar,ES,28.15,-15.65,68,27,294.26,2.6,1571007685
maumere,Maumere,ID,-8.63,122.22,51,5,300.65,1.943,1571007686
saint-pierre,Saint-Pierre,FR,48.95,4.24,87,10,291.15,2.1,1571007686
isla vista,Isla Vista,US,34.41,-119.86,68,1,294.82,2.6,1571007686
manacapuru,Manacapuru,BR,-3.3,-60.62,74,40,302.15,1.5,1571007413
aksarka,Aksarka,RU,66.56,67.8,96,100,274,3.304,1571007687
marawi,Marawi,PH,8,124.29,88,100,298.15,1.34,1571007687
severo-yeniseyskiy,Severo-Yeniseyskiy,RU,60.37,93.04,94,100,274.16,2.737,1571007687
valkeakoski,Valkeakoski,FI,61.26,24.03,94,20,274.26,1.355,1571007687
walvis bay,Walvis Bay,NA,-22.95,14.51,93,51,290.37,2.1,1571007688
sao joao de pirabas,Sao Joao De Pirabas,BR,-0.77,-47.18,87,61,296.91,1.291,1571007688
muyezerskiy,Muyezerskiy,RU,63.93,31.65,90,100,273.75,4.155,1571007688
williams lake,Williams Lake,CA,52.13,-122.14,81,75,279.15,2.1,1571007688
plastun,Plastun,RU,44.76,136.29,41,100,277.8,0.955,1571007689
hundested,Hundested,DK,55.97,11.85,88,100,290.15,7.2,1571007689
coos bay,Coos Bay,US,43.37,-124.22,82,90,291.48,7.2,1571007689
san carlos de bariloche,San Carlos De Bariloche,AR,-41.13,-71.31,11,0,287.15,7.2,1571007689
oga,Oga,IT,46.46,10.35,100,0,282.04,1.5,1571007690
kieta,Kieta,PG,-6.22,155.63,70,52,301.58,1.858,1571007690
amantea,Amantea,IT,39.13,16.07,93,1,288.15,2.6,1571007690
atambua,Atambua,ID,-9.11,124.89,42,6,301.77,1.527,1571007302
dunedin,Dunedin,NZ,-45.87,170.5,77,87,285.37,7.6,1571007691
plettenberg bay,Plettenberg Bay,ZA,-34.05,23.37,81,0,289.29,2.372,1571007691
caceres,Caceres,CO,5.53,-74.53,92,67,294.87,1.415,1571007691
tateyama,Tateyama,JP,36.66,137.31,93,75,289.82,1.5,1571007692
meru,Meru,KE,0.05,37.65,83,100,283.74,1.987,1571007693
alugan,Alugan,PH,12.22,125.48,74,17,299.89,0.669,1571007693
boshnyakovo,Boshnyakovo,RU,49.65,142.17,52,100,277.47,8.769,1571007693
shimoda,Shimoda,JP,34.7,138.93,56,75,294.15,7.7,1571007694
tuatapere,Tuatapere,NZ,-46.13,167.69,78,77,287.59,1.34,1571007361
fairbanks,Fairbanks,US,64.84,-147.72,79,90,272.15,1.169,1571007694
sawakin,Sawakin,SD,19.1,37.33,68,58,303.05,0.775,1571007695
mabaruma,Mabaruma,GY,8.2,-59.78,98,100,295.94,0.112,1571007695
key west,Key West,US,47.93,-96.78,93,90,276.15,5.7,1571007695
seguela,Seguela,CI,7.96,-6.67,97,100,294.46,0.688,1571007695
vanavara,Vanavara,RU,60.35,102.28,93,100,270.59,3.341,1571007696
ngunguru,Ngunguru,NZ,-35.62,174.5,93,100,286.48,8.49,1571007696
birjand,Birjand,IR,32.86,59.22,33,0,287.15,4.1,1571007696
roma,Roma,IT,41.89,12.48,82,100,292.04,2.1,1571007696
kibre mengist,Kibre Mengist,ET,5.87,38.99,97,75,285.44,0.733,1571007697
lima,Lima,PE,-12.06,-77.04,68,40,292.15,3.6,1571007156
phangnga,Phangnga,TH,8.45,98.53,88,20,297.15,1.025,1571007697
yingcheng,Yingcheng,CN,30.93,113.57,82,100,292.15,3,1571007697
sarti,Sarti,GR,40.1,23.98,76,0,292.18,2.429,1571007698
inhambane,Inhambane,MZ,-23.87,35.38,75,0,294.32,5.06,1571007698
mount pleasant,Mount Pleasant,US,33.16,-94.97,55,1,295.15,2.6,1571007699
richards bay,Richards Bay,ZA,-28.77,32.06,82,47,293.78,8.343,1571007699
jeremie,Jeremie,HT,18.65,-74.12,87,52,295.91,0.577,1571007700
tiarei,Tiarei,PF,-17.53,-149.33,61,40,301.15,5.7,1571007700
sur,Sur,OM,22.57,59.53,85,6,296.96,0.768,1571007700
bellevue,Bellevue,DE,50.05,10.19,72,1,290.37,3.1,1571007640
issoire,Issoire,FR,45.54,3.25,63,0,291.15,6.2,1571007701
isabela,Isabela,PH,10.2,122.99,83,99,297.76,2.209,1571007701
kuusamo,Kuusamo,FI,65.96,29.19,94,90,273.15,2.6,1571007702
leh,Leh,IN,34.16,77.58,36,0,271.28,0.641,1571007702
itapuranga,Itapuranga,BR,-15.56,-49.95,31,96,300.47,0.727,1571007702
kosh-agach,Kosh-Agach,RU,49.99,88.66,69,0,271.41,0.311,1571007702
gatesville,Gatesville,US,31.44,-97.74,43,1,298.15,3.1,1571007703
killorglin,Killorglin,IE,52.1,-9.78,90,63,281.63,2.492,1571007703
aykhal,Aykhal,RU,65.95,111.51,92,100,265.27,7.199,1571007703
bansi,Bansi,IN,27.18,82.93,69,0,294.96,1.111,1571007703
umm lajj,Umm Lajj,SA,25.02,37.27,23,40,303.04,4.879,1571007359
rawlins,Rawlins,US,41.79,-107.24,9,1,289.15,7.7,1571007704
jalu,Jalu,LY,29.03,21.55,41,35,297.38,5.078,1571007704
tandalti,Tandalti,SD,13.01,31.87,75,63,297.84,2.422,1571007704
teguldet,Teguldet,RU,57.31,88.17,94,100,277.1,2.147,1571007705
emerald,Emerald,AU,-23.53,148.16,69,75,297.15,6.2,1571007705
lodja,Lodja,CD,-3.52,23.6,97,0,293.56,0.288,1571007705
boyabat,Boyabat,TR,41.47,34.77,49,0,283.41,0.382,1571007705
tottori,Tottori,JP,35.5,134.23,93,75,288.15,1.5,1571007706
changying,Changying,CN,52.87,123.32,56,5,269.07,3.186,1571007706
pahrump,Pahrump,US,36.21,-115.98,6,1,301.48,4.6,1571007706
inta,Inta,RU,66.04,60.13,89,100,274.75,1.186,1571007706
pochutla,Pochutla,MX,15.74,-96.47,62,75,304.15,5.1,1571007707
guarapuava,Guarapuava,BR,-25.4,-51.46,92,40,289.97,1.136,1571007707
puerto colombia,Puerto Colombia,CO,10.99,-74.96,79,75,302.15,2.6,1571007707
bandarban,Bandarban,BD,22.2,92.22,93,0,295.44,2.131,1571007707
parbhani,Parbhani,IN,19.26,76.77,79,100,295.66,2.323,1571007708
taoudenni,Taoudenni,ML,22.68,-3.98,24,28,305.14,7.258,1571007309
buraydah,Buraydah,SA,26.33,43.97,36,20,298.15,2.1,1571007375
vieques,Vieques,PR,18.43,-65.83,70,20,302.15,4.1,1571007708
brewster,Brewster,US,41.76,-70.08,87,1,288.15,4.272,1571007708
togur,Togur,RU,58.36,82.83,88,100,279.91,3.445,1571007709
albertville,Albertville,FR,45.68,6.39,93,0,287.15,1,1571007709
kurilsk,Kurilsk,RU,45.23,147.88,56,3,280.79,3.382,1571007353
vigrestad,Vigrestad,NO,58.57,5.7,81,75,283.15,1,1571007710
eisiskes,Eisiskes,LT,54.17,25,100,90,282.59,1,1571007710
udachnyy,Udachnyy,RU,66.42,112.4,93,98,265.13,5.437,1571007710
xudat,Xudat,AZ,41.63,48.68,61,0,285.43,1.296,1571007710
nicolas bravo,Nicolas Bravo,MX,24.39,-104.74,38,75,297.15,3.703,1571007711
